<keymap version="1" name="macOS copy" parent="Mac OS X 10.5+">
  <action id="ActivateTerminalToolWindow">
    <keyboard-shortcut first-keystroke="alt f12" />
    <keyboard-shortcut first-keystroke="meta j" />
  </action>
  <action id="Console.Execute.Multiline" />
  <action id="Console.SplitLine" />
  <action id="DirDiffMenu.SynchronizeDiff.All" />
  <action id="Docker.RemoteServers.StartComposeService" />
  <action id="Docker.RemoteServers.StartContainer" />
  <action id="EditorSplitLine" />
  <action id="InsertLiveTemplate" />
  <action id="ReformatCode" />
  <action id="ShowIntentionActions">
    <keyboard-shortcut first-keystroke="alt enter" />
    <keyboard-shortcut first-keystroke="meta enter" />
  </action>
  <action id="SplitChooser.Duplicate" />
  <action id="Terminal.SmartCommandExecution.Run" />
  <action id="ViewSource" />
</keymap>