<application>
  <component name="FileTypeManager" version="19">
    <ignoreFiles list="*$py.class;*.pyc;*.pyo;*.rbc;*.yarb;*~;.DS_Store;.git;.hg;.mypy_cache;.pytest_cache;.ruff_cache;.svn;CVS;__pycache__;_svn;vssver.scc;vssver2.scc" />
    <extensionMap>
      <mapping pattern="yt_tmp_yql_nekrasovik_ff74e9d9_2a24d3cf_f417377b_cee2bb83_url_tag" type="AUTO_DETECTED" />
      <mapping ext="sample" type="PLAIN_TEXT" />
      <mapping ext="mwb" type="SQL" />
      <mapping ext="env" type="Env File" />
      <mapping pattern=".env.*" type="Env File" />
    </extensionMap>
  </component>
</application>