<application>
  <component name="Trusted.Paths">
    <option name="TRUSTED_PROJECT_PATHS">
      <map>
        <entry key="$USER_HOME$/projects" value="true" />
        <entry key="$USER_HOME$/projects/ai_agent" value="true" />
        <entry key="$USER_HOME$/projects/bg-resst-aiagent" value="true" />
        <entry key="$USER_HOME$/projects/bg-rest-ai-agent" value="true" />
        <entry key="$USER_HOME$/projects/freezer" value="true" />
        <entry key="$USER_HOME$/projects/hardware" value="true" />
        <entry key="$USER_HOME$/projects/keystone" value="true" />
        <entry key="$USER_HOME$/projects/llm-dev" value="true" />
        <entry key="$USER_HOME$/projects/mp-backups" value="true" />
        <entry key="$USER_HOME$/projects/rados-test" value="true" />
        <entry key="$USER_HOME$/projects/research/cloudkitty" value="true" />
        <entry key="$USER_HOME$/projects/sentium-console-api" value="true" />
        <entry key="$USER_HOME$/projects/sentium-console-buffer-api" value="true" />
        <entry key="$USER_HOME$/projects/sentium-console-metrics-api" value="true" />
        <entry key="$USER_HOME$/projects/sentium-registration" value="true" />
        <entry key="$USER_HOME$/projects/sentium-support-api" value="true" />
        <entry key="$USER_HOME$/projects/testpython" value="true" />
        <entry key="$USER_HOME$/projects/value-converter" value="true" />
        <entry key="$USER_HOME$/work/ipxe-server" value="true" />
        <entry key="$USER_HOME$/work/keystone-sercher/openstack-filter" value="true" />
        <entry key="$USER_HOME$/work/keystone-sercher/pythonProject" value="true" />
        <entry key="/private/etc/kolla/mp-backups" value="true" />
      </map>
    </option>
  </component>
  <component name="Trusted.Paths.Settings">
    <option name="TRUSTED_PATHS">
      <list>
        <option value="$USER_HOME$/projects" />
        <option value="$USER_HOME$/work" />
        <option value="/private/etc/kolla" />
      </list>
    </option>
  </component>
</application>