<application>
  <component name="DimensionService">
    <location key="find.popup.0.0.3420.2214@192dpi" x="1436" y="382" />
    <location key="REMOTE_DEVELOPMENT_CONNECTION.0.0.3420.2214@192dpi" x="994" y="410" />
    <size key="GridCell.Tab.0.left.0.0.3420.2214@192dpi" width="1744" height="1048" />
    <size key="GridCell.Tab.0.center.0.0.3420.2214@192dpi" width="1744" height="1048" />
    <size key="GridCell.Tab.0.right.0.0.3420.2214@192dpi" width="1744" height="1048" />
    <size key="GridCell.Tab.0.bottom.0.0.3420.2214@192dpi" width="1744" height="1048" />
    <size key="find.popup.0.0.3420.2214@192dpi" width="1294" height="1156" />
    <size key="REMOTE_DEVELOPMENT_CONNECTION.0.0.3420.2214@192dpi" width="1600" height="1358" />
  </component>
  <component name="WindowManager">
    <frame x="89" y="50" width="1559" height="969" />
  </component>
  <component name="WindowStateApplicationService">
    <state x="864" y="487" width="810" height="659" key="WELCOME_SCREEN" timestamp="1761102904816">
      <screen x="0" y="38" width="1728" height="1020" />
    </state>
    <state x="864" y="487" width="810" height="659" key="WELCOME_SCREEN/0.38.1728.1020" timestamp="1761102904816" />
    <state x="854" y="483" width="801" height="651" key="WELCOME_SCREEN/0.39.1710.1009" timestamp="1756729239245" />
  </component>
</application>